Loan_ID,Applicant_Age,Loan_Amount,Annual_Income,Credit_Score,Employment_Status,Loan_Purpose,Application_Date,fraud
L-00001,54,33326,45606,447,Unemployed,Education,2022-01-01,1
L-00002,62,2580,91899,474,Unemployed,Car,2022-01-02,0
L-00003,40,15779,63453,547,Employed,Home,2022-01-03,0
L-00004,56,17259,81195,736,Employed,Car,2022-01-04,0
L-00005,23,49342,67207,430,Employed,Home,2022-01-05,0
L-00006,35,40208,107126,768,Employed,Car,2022-01-06,0
L-00007,52,19169,66885,669,Unemployed,Home,2022-01-07,0
L-00008,38,8210,47897,321,Unemployed,Education,2022-01-08,0
L-00009,26,2176,90609,321,Employed,Car,2022-01-09,0
L-00010,22,10722,112283,732,Unemployed,Business,2022-01-10,0
L-00011,63,37792,103415,530,Employed,Home,2022-01-11,1
L-00012,33,25354,74440,664,Employed,Car,2022-01-12,0
L-00013,20,34908,84023,845,Employed,Car,2022-01-13,0
L-00014,19,30523,108478,437,Unemployed,Car,2022-01-14,0
L-00015,40,24707,116032,300,Unemployed,Business,2022-01-15,0
L-00016,63,11061,107034,748,Employed,Car,2022-01-16,0
L-00017,50,6019,49228,765,Employed,Home,2022-01-17,0
L-00018,39,18906,66507,528,Employed,Car,2022-01-18,0
L-00019,26,19012,117964,397,Employed,Car,2022-01-19,0
L-00020,40,22433,60370,827,Employed,Car,2022-01-20,0
L-00021,62,27563,111002,809,Employed,Business,2022-01-21,0
L-00022,46,49742,98115,306,Unemployed,Business,2022-01-22,0
L-00023,40,33980,85611,574,Employed,Education,2022-01-23,0
L-00024,35,26059,66444,620,Employed,Business,2022-01-24,0
L-00025,40,42953,47353,522,Unemployed,Education,2022-01-25,0
L-00026,28,9681,38390,317,Unemployed,Home,2022-01-26,0
L-00027,60,9179,41685,764,Employed,Business,2022-01-27,0
L-00028,54,37627,49312,333,Employed,Business,2022-01-28,1
L-00029,37,4621,30774,690,Employed,Car,2022-01-29,0
L-00030,51,16366,109774,619,Employed,Home,2022-01-30,0
L-00031,31,36147,67475,401,Unemployed,Car,2022-01-31,0
L-00032,50,22710,114721,377,Unemployed,Education,2022-02-01,0
L-00033,61,34901,58627,739,Unemployed,Home,2022-02-02,0
L-00034,31,26519,110887,737,Employed,Education,2022-02-03,0
L-00035,56,45430,113919,749,Unemployed,Education,2022-02-04,0
L-00036,46,32558,114130,480,Unemployed,Car,2022-02-05,0
L-00037,44,7400,57128,355,Employed,Education,2022-02-06,0
L-00038,60,16387,60061,630,Employed,Business,2022-02-07,0
L-00039,59,35461,34803,704,Unemployed,Car,2022-02-08,0
L-00040,35,8395,111098,447,Unemployed,Car,2022-02-09,0
L-00041,63,4020,78819,316,Employed,Car,2022-02-10,0
L-00042,44,9751,119900,463,Employed,Business,2022-02-11,0
L-00043,24,46802,59117,543,Employed,Home,2022-02-12,0
L-00044,29,41664,92709,345,Unemployed,Home,2022-02-13,0
L-00045,34,15965,56183,491,Employed,Car,2022-02-14,0
L-00046,57,32579,31525,722,Unemployed,Car,2022-02-15,0
L-00047,29,14273,76295,383,Employed,Education,2022-02-16,0
L-00048,39,28785,59112,638,Unemployed,Education,2022-02-17,0
L-00049,48,45751,80243,645,Unemployed,Home,2022-02-18,0
L-00050,25,36933,70129,618,Employed,Education,2022-02-19,0
L-00051,33,41862,33621,755,Unemployed,Business,2022-02-20,0
L-00052,39,48719,52157,789,Unemployed,Education,2022-02-21,0
L-00053,55,8858,118198,657,Employed,Home,2022-02-22,0
L-00054,61,18646,84325,346,Employed,Education,2022-02-23,0
L-00055,55,48378,89694,758,Employed,Car,2022-02-24,0
L-00056,38,13044,67244,646,Employed,Home,2022-02-25,0
L-00057,44,30261,65247,393,Unemployed,Education,2022-02-26,0
L-00058,30,8601,99994,523,Unemployed,Education,2022-02-27,0
L-00059,60,22904,35379,746,Employed,Car,2022-02-28,0
L-00060,49,11634,83020,818,Employed,Business,2022-03-01,0
L-00061,47,14173,41391,677,Unemployed,Education,2022-03-02,0
L-00062,58,16657,44895,431,Unemployed,Home,2022-03-03,0
L-00063,33,13095,50865,387,Unemployed,Home,2022-03-04,0
L-00064,23,21608,104344,768,Unemployed,Home,2022-03-05,0
L-00065,23,39517,90942,382,Employed,Education,2022-03-06,0
L-00066,29,24657,89496,786,Unemployed,Business,2022-03-07,0
L-00067,38,24985,51123,809,Employed,Education,2022-03-08,0
L-00068,58,20126,95833,768,Employed,Business,2022-03-09,0
L-00069,64,34932,112627,590,Unemployed,Car,2022-03-10,1
L-00070,45,19291,80625,665,Employed,Home,2022-03-11,0
L-00071,24,8264,35671,800,Unemployed,Car,2022-03-12,0
L-00072,35,3374,52275,682,Unemployed,Business,2022-03-13,0
L-00073,64,32433,54442,354,Unemployed,Business,2022-03-14,1
L-00074,64,12931,44456,352,Employed,Business,2022-03-15,0
L-00075,23,1636,47063,661,Employed,Home,2022-03-16,0
L-00076,28,27726,57392,604,Unemployed,Car,2022-03-17,0
L-00077,27,9743,73497,318,Unemployed,Car,2022-03-18,0
L-00078,39,49460,88931,499,Employed,Business,2022-03-19,0
L-00079,42,7132,69513,832,Employed,Car,2022-03-20,0
L-00080,37,2646,106397,730,Unemployed,Education,2022-03-21,0
L-00081,34,16260,117361,324,Unemployed,Business,2022-03-22,0
L-00082,43,7243,68257,832,Unemployed,Home,2022-03-23,0
L-00083,35,44947,36344,413,Unemployed,Car,2022-03-24,0
L-00084,35,23803,105945,656,Employed,Education,2022-03-25,0
L-00085,51,16453,90672,524,Employed,Education,2022-03-26,0
L-00086,35,21540,98064,569,Unemployed,Home,2022-03-27,0
L-00087,51,14484,116421,317,Employed,Business,2022-03-28,0
L-00088,28,45241,57940,343,Employed,Car,2022-03-29,0
L-00089,50,39509,99905,719,Employed,Home,2022-03-30,0
L-00090,47,21895,91780,740,Unemployed,Car,2022-03-31,0
L-00091,20,6552,78038,675,Employed,Education,2022-04-01,0
L-00092,62,49140,111364,448,Employed,Education,2022-04-02,1
L-00093,48,6739,85191,384,Employed,Car,2022-04-03,0
L-00094,48,49338,109979,608,Unemployed,Education,2022-04-04,0
L-00095,33,28046,87728,504,Employed,Business,2022-04-05,0
L-00096,43,24084,43956,315,Employed,Business,2022-04-06,0
L-00097,31,28460,107326,416,Employed,Education,2022-04-07,0
L-00098,64,18663,50909,301,Unemployed,Business,2022-04-08,0
L-00099,40,15502,102270,848,Employed,Education,2022-04-09,0
L-00100,47,30965,53458,546,Employed,Home,2022-04-10,0
L-00101,47,6174,93338,790,Unemployed,Home,2022-04-11,0
L-00102,18,27366,118012,338,Employed,Business,2022-04-12,0
L-00103,39,1504,88889,539,Unemployed,Business,2022-04-13,0
L-00104,29,14760,81301,530,Employed,Car,2022-04-14,0
L-00105,64,43055,76998,403,Unemployed,Home,2022-04-15,1
L-00106,58,10930,94335,394,Employed,Car,2022-04-16,0
L-00107,57,44835,97108,595,Employed,Home,2022-04-17,1
L-00108,46,5206,42497,752,Employed,Car,2022-04-18,0
L-00109,42,2368,112452,560,Unemployed,Business,2022-04-19,0
L-00110,36,18540,83564,407,Unemployed,Home,2022-04-20,0
L-00111,33,38004,80421,307,Unemployed,Car,2022-04-21,0
L-00112,28,44416,114186,404,Unemployed,Business,2022-04-22,0
L-00113,20,4434,84256,337,Unemployed,Business,2022-04-23,0
L-00114,55,3046,105225,325,Unemployed,Business,2022-04-24,0
L-00115,47,45855,79463,790,Employed,Home,2022-04-25,0
L-00116,29,26616,70915,366,Unemployed,Business,2022-04-26,0
L-00117,58,7223,55835,660,Employed,Education,2022-04-27,0
L-00118,27,2441,61580,332,Employed,Home,2022-04-28,0
L-00119,38,17807,83092,813,Unemployed,Home,2022-04-29,0
L-00120,58,1798,39616,824,Employed,Home,2022-04-30,0
L-00121,38,19738,67254,782,Unemployed,Home,2022-05-01,0
L-00122,44,42772,41471,354,Unemployed,Education,2022-05-02,0
L-00123,56,29368,79639,329,Employed,Car,2022-05-03,0
L-00124,55,22998,105549,301,Employed,Car,2022-05-04,0
L-00125,51,6177,37818,694,Unemployed,Education,2022-05-05,0
L-00126,46,14916,107188,642,Employed,Home,2022-05-06,0
L-00127,25,19691,104986,592,Unemployed,Home,2022-05-07,0
L-00128,31,32228,62475,728,Unemployed,Education,2022-05-08,0
L-00129,18,27780,45611,376,Unemployed,Car,2022-05-09,0
L-00130,56,38127,41147,615,Employed,Education,2022-05-10,0
L-00131,51,4076,51842,460,Employed,Education,2022-05-11,0
L-00132,18,12216,39335,635,Unemployed,Business,2022-05-12,0
L-00133,22,10568,85156,615,Employed,Car,2022-05-13,0
L-00134,54,49340,57403,301,Unemployed,Home,2022-05-14,1
L-00135,53,19656,107367,560,Unemployed,Education,2022-05-15,0
L-00136,32,29222,76520,630,Unemployed,Business,2022-05-16,0
L-00137,18,29027,92989,817,Unemployed,Business,2022-05-17,0
L-00138,22,21089,59443,684,Unemployed,Business,2022-05-18,0
L-00139,53,23274,107724,575,Unemployed,Car,2022-05-19,0
L-00140,41,7436,40707,672,Unemployed,Car,2022-05-20,0
L-00141,21,45304,115805,493,Employed,Business,2022-05-21,0
L-00142,28,22391,75679,465,Employed,Business,2022-05-22,0
L-00143,30,6257,119948,760,Unemployed,Home,2022-05-23,0
L-00144,33,45468,118406,463,Unemployed,Home,2022-05-24,0
L-00145,57,29879,57506,525,Employed,Business,2022-05-25,0
L-00146,32,40016,44896,527,Unemployed,Business,2022-05-26,0
L-00147,48,10145,52680,413,Employed,Education,2022-05-27,0
L-00148,25,3437,82346,723,Unemployed,Car,2022-05-28,0
L-00149,24,14582,101602,408,Unemployed,Education,2022-05-29,0
L-00150,43,39684,65871,445,Employed,Car,2022-05-30,0
L-00151,29,18512,66018,744,Employed,Car,2022-05-31,0
L-00152,52,33903,62939,808,Employed,Education,2022-06-01,0
L-00153,47,16437,99169,523,Unemployed,Car,2022-06-02,0
L-00154,23,48396,36505,710,Employed,Home,2022-06-03,0
L-00155,53,44319,89363,657,Employed,Business,2022-06-04,0
L-00156,60,17340,111314,313,Employed,Car,2022-06-05,0
L-00157,57,48287,90171,398,Unemployed,Business,2022-06-06,1
L-00158,32,28651,73650,536,Employed,Education,2022-06-07,0
L-00159,41,40327,71580,661,Unemployed,Home,2022-06-08,0
L-00160,57,29347,64849,741,Unemployed,Home,2022-06-09,0
L-00161,30,17243,105758,843,Unemployed,Business,2022-06-10,0
L-00162,20,6000,41991,541,Employed,Home,2022-06-11,0
L-00163,58,41923,44551,387,Unemployed,Home,2022-06-12,1
L-00164,23,47523,101895,814,Unemployed,Business,2022-06-13,0
L-00165,21,6862,64080,388,Employed,Car,2022-06-14,0
L-00166,46,49823,70453,313,Employed,Car,2022-06-15,0
L-00167,55,34598,109701,766,Unemployed,Education,2022-06-16,0
L-00168,44,14219,40497,640,Unemployed,Car,2022-06-17,0
L-00169,18,14697,58760,628,Employed,Car,2022-06-18,0
L-00170,44,42893,93913,637,Unemployed,Home,2022-06-19,0
L-00171,57,32450,112022,515,Employed,Education,2022-06-20,1
L-00172,56,41849,65305,462,Employed,Car,2022-06-21,1
L-00173,59,4789,64761,654,Employed,Business,2022-06-22,0
L-00174,37,9400,95476,308,Unemployed,Business,2022-06-23,0
L-00175,43,17612,35656,429,Unemployed,Car,2022-06-24,0
L-00176,38,39692,48978,824,Employed,Home,2022-06-25,0
L-00177,20,20502,93383,338,Employed,Home,2022-06-26,0
L-00178,50,49086,100619,339,Unemployed,Business,2022-06-27,0
L-00179,30,18652,56646,642,Employed,Home,2022-06-28,0
L-00180,55,1229,115561,489,Employed,Education,2022-06-29,0
L-00181,58,20165,47559,362,Unemployed,Home,2022-06-30,0
L-00182,40,21775,94906,804,Employed,Car,2022-07-01,0
L-00183,62,38663,73422,652,Employed,Education,2022-07-02,0
L-00184,50,46438,102250,344,Unemployed,Education,2022-07-03,0
L-00185,52,28217,111524,781,Unemployed,Car,2022-07-04,0
L-00186,31,18796,119581,802,Unemployed,Car,2022-07-05,0
L-00187,44,9437,94181,512,Employed,Car,2022-07-06,0
L-00188,22,9614,74911,490,Unemployed,Car,2022-07-07,0
L-00189,36,4478,65047,546,Unemployed,Business,2022-07-08,0
L-00190,38,41349,112355,405,Unemployed,Business,2022-07-09,0
L-00191,41,1015,77968,532,Employed,Home,2022-07-10,0
L-00192,61,17785,112129,473,Unemployed,Business,2022-07-11,0
L-00193,30,30651,58250,812,Unemployed,Education,2022-07-12,0
L-00194,21,34512,50669,423,Unemployed,Education,2022-07-13,0
L-00195,63,42030,94274,441,Unemployed,Education,2022-07-14,1
L-00196,56,23474,32822,654,Employed,Home,2022-07-15,0
L-00197,30,18183,103152,835,Employed,Home,2022-07-16,0
L-00198,36,47029,89510,713,Employed,Car,2022-07-17,0
L-00199,61,32577,106768,679,Employed,Car,2022-07-18,0
L-00200,43,26101,76448,520,Unemployed,Education,2022-07-19,0
L-00201,40,3673,38176,541,Unemployed,Business,2022-07-20,0
L-00202,59,45827,93942,475,Employed,Car,2022-07-21,1
L-00203,54,36521,38669,557,Employed,Business,2022-07-22,1
L-00204,45,26353,57789,667,Employed,Car,2022-07-23,0
L-00205,25,1985,99786,356,Employed,Car,2022-07-24,0
L-00206,27,48959,39802,788,Unemployed,Car,2022-07-25,0
L-00207,19,47263,53850,496,Unemployed,Education,2022-07-26,0
L-00208,56,23488,111896,713,Unemployed,Car,2022-07-27,0
L-00209,30,48704,53493,445,Employed,Car,2022-07-28,0
L-00210,29,49344,52994,712,Employed,Home,2022-07-29,0
L-00211,39,22731,87323,582,Unemployed,Home,2022-07-30,0
L-00212,32,47997,83830,631,Employed,Home,2022-07-31,0
L-00213,24,25195,74461,589,Employed,Home,2022-08-01,0
L-00214,19,15699,34231,661,Unemployed,Business,2022-08-02,0
L-00215,53,20227,85474,700,Unemployed,Education,2022-08-03,0
L-00216,48,12928,44130,794,Employed,Education,2022-08-04,0
L-00217,25,35001,88658,454,Unemployed,Home,2022-08-05,0
L-00218,64,5388,69671,556,Employed,Car,2022-08-06,0
L-00219,38,48548,61203,748,Employed,Car,2022-08-07,0
L-00220,30,37412,108937,335,Unemployed,Car,2022-08-08,0
L-00221,45,17019,62485,551,Employed,Car,2022-08-09,0
L-00222,49,33561,48075,665,Employed,Home,2022-08-10,0
L-00223,40,45483,41736,701,Unemployed,Home,2022-08-11,0
L-00224,27,8459,30620,383,Employed,Car,2022-08-12,0
L-00225,55,12924,80965,466,Unemployed,Car,2022-08-13,0
L-00226,48,25339,88368,348,Unemployed,Home,2022-08-14,0
L-00227,55,21209,33635,735,Unemployed,Home,2022-08-15,0
L-00228,45,40269,63243,689,Unemployed,Car,2022-08-16,0
L-00229,42,42952,68762,534,Unemployed,Home,2022-08-17,0
L-00230,47,22784,57539,799,Employed,Education,2022-08-18,0
L-00231,53,2926,81104,379,Unemployed,Education,2022-08-19,0
L-00232,57,48593,88845,433,Employed,Car,2022-08-20,1
L-00233,35,1245,54048,363,Unemployed,Business,2022-08-21,0
L-00234,26,39037,34969,764,Employed,Business,2022-08-22,0
L-00235,57,39042,68729,723,Employed,Car,2022-08-23,0
L-00236,18,36369,37300,781,Unemployed,Business,2022-08-24,0
L-00237,53,15247,92872,342,Employed,Home,2022-08-25,0
L-00238,63,14477,102410,316,Unemployed,Car,2022-08-26,0
L-00239,19,43128,110105,371,Employed,Business,2022-08-27,0
L-00240,18,17605,57461,541,Unemployed,Car,2022-08-28,0
L-00241,27,40201,115996,358,Unemployed,Education,2022-08-29,0
L-00242,49,36467,64372,425,Employed,Education,2022-08-30,0
L-00243,43,6192,59638,804,Employed,Business,2022-08-31,0
L-00244,41,14963,94177,756,Employed,Home,2022-09-01,0
L-00245,28,8251,92919,361,Employed,Business,2022-09-02,0
L-00246,24,48980,107202,777,Employed,Car,2022-09-03,0
L-00247,22,14979,54886,425,Employed,Home,2022-09-04,0
L-00248,28,3508,53362,427,Unemployed,Car,2022-09-05,0
L-00249,39,38201,70671,450,Unemployed,Education,2022-09-06,0
L-00250,61,25159,98081,420,Employed,Home,2022-09-07,0
L-00251,49,34134,115940,788,Employed,Education,2022-09-08,0
L-00252,54,46147,54426,344,Employed,Car,2022-09-09,1
L-00253,46,1981,112508,437,Unemployed,Education,2022-09-10,0
L-00254,29,36225,36598,364,Unemployed,Education,2022-09-11,0
L-00255,33,43030,55669,348,Employed,Education,2022-09-12,0
L-00256,60,15041,66301,603,Employed,Business,2022-09-13,0
L-00257,47,5942,110300,482,Employed,Education,2022-09-14,0
L-00258,47,33801,83382,621,Employed,Home,2022-09-15,0
L-00259,26,49908,112268,434,Unemployed,Car,2022-09-16,0
L-00260,60,27889,35755,611,Unemployed,Business,2022-09-17,0
L-00261,31,29577,99007,779,Employed,Business,2022-09-18,0
L-00262,28,18857,66385,618,Unemployed,Home,2022-09-19,0
L-00263,28,37566,105527,681,Employed,Home,2022-09-20,0
L-00264,19,38681,111431,708,Employed,Car,2022-09-21,0
L-00265,56,48073,55297,505,Employed,Business,2022-09-22,1
L-00266,48,38633,117118,755,Unemployed,Home,2022-09-23,0
L-00267,40,22717,36801,623,Unemployed,Education,2022-09-24,0
L-00268,59,21939,110079,315,Employed,Business,2022-09-25,0
L-00269,51,38753,99618,394,Employed,Car,2022-09-26,1
L-00270,51,23203,63404,836,Employed,Business,2022-09-27,0
L-00271,22,9910,65389,822,Employed,Business,2022-09-28,0
L-00272,46,13725,113393,302,Unemployed,Home,2022-09-29,0
L-00273,26,16876,116933,515,Employed,Car,2022-09-30,0
L-00274,49,10547,70851,841,Employed,Education,2022-10-01,0
L-00275,21,39667,33323,592,Unemployed,Home,2022-10-02,0
L-00276,32,38099,83925,466,Employed,Home,2022-10-03,0
L-00277,43,45097,37828,690,Employed,Car,2022-10-04,0
L-00278,24,13797,113156,793,Unemployed,Car,2022-10-05,0
L-00279,60,35074,77596,493,Employed,Education,2022-10-06,1
L-00280,20,7040,75114,577,Unemployed,Education,2022-10-07,0
L-00281,19,36821,79816,714,Unemployed,Education,2022-10-08,0
L-00282,42,16789,103129,450,Unemployed,Home,2022-10-09,0
L-00283,57,14688,56539,758,Unemployed,Home,2022-10-10,0
L-00284,32,27579,57699,806,Unemployed,Car,2022-10-11,0
L-00285,56,47793,89801,475,Unemployed,Car,2022-10-12,1
L-00286,56,41382,110724,814,Unemployed,Car,2022-10-13,0
L-00287,35,8835,38798,328,Unemployed,Car,2022-10-14,0
L-00288,64,40141,52897,713,Employed,Business,2022-10-15,0
L-00289,45,32351,55187,539,Unemployed,Home,2022-10-16,0
L-00290,59,46015,71309,686,Employed,Business,2022-10-17,0
L-00291,30,18721,59527,336,Employed,Education,2022-10-18,0
L-00292,32,42067,30278,557,Unemployed,Education,2022-10-19,0
L-00293,32,33471,66131,358,Employed,Business,2022-10-20,0
L-00294,51,38449,63942,425,Employed,Home,2022-10-21,1
L-00295,41,38434,47834,818,Employed,Education,2022-10-22,0
L-00296,50,12362,39081,754,Unemployed,Car,2022-10-23,0
L-00297,36,34048,37996,657,Employed,Car,2022-10-24,0
L-00298,29,36504,89029,424,Employed,Education,2022-10-25,0
L-00299,45,42663,94073,568,Employed,Education,2022-10-26,0
L-00300,63,10243,93093,769,Unemployed,Education,2022-10-27,0
L-00301,23,5883,111450,730,Unemployed,Business,2022-10-28,0
L-00302,24,40487,110304,725,Employed,Education,2022-10-29,0
L-00303,64,9679,97124,626,Unemployed,Car,2022-10-30,0
L-00304,24,28009,116336,347,Unemployed,Home,2022-10-31,0
L-00305,34,11964,87224,314,Unemployed,Home,2022-11-01,0
L-00306,34,26374,107826,335,Unemployed,Education,2022-11-02,0
L-00307,62,6333,41195,745,Employed,Home,2022-11-03,0
L-00308,33,18306,107023,512,Employed,Business,2022-11-04,0
L-00309,31,34313,85162,805,Unemployed,Home,2022-11-05,0
L-00310,63,41735,86565,661,Unemployed,Home,2022-11-06,0
L-00311,20,32197,90292,826,Unemployed,Home,2022-11-07,0
L-00312,23,11609,75116,785,Unemployed,Business,2022-11-08,0
L-00313,31,12285,55574,820,Unemployed,Education,2022-11-09,0
L-00314,29,25383,80265,507,Unemployed,Home,2022-11-10,0
L-00315,37,27212,82655,437,Employed,Car,2022-11-11,0
L-00316,19,11273,70262,681,Unemployed,Education,2022-11-12,0
L-00317,18,31165,107362,830,Employed,Business,2022-11-13,0
L-00318,64,48745,54317,651,Unemployed,Car,2022-11-14,0
L-00319,50,5435,106507,461,Employed,Car,2022-11-15,0
L-00320,26,40704,106746,494,Unemployed,Business,2022-11-16,0
L-00321,56,42822,67136,416,Employed,Car,2022-11-17,1
L-00322,32,28218,44660,361,Employed,Education,2022-11-18,0
L-00323,49,26916,116695,781,Unemployed,Car,2022-11-19,0
L-00324,23,26077,42340,617,Unemployed,Home,2022-11-20,0
L-00325,46,3930,59646,376,Unemployed,Car,2022-11-21,0
L-00326,52,44900,99500,475,Unemployed,Business,2022-11-22,1
L-00327,56,21164,46277,553,Unemployed,Education,2022-11-23,0
L-00328,38,3652,116684,530,Unemployed,Education,2022-11-24,0
L-00329,58,42936,55982,684,Employed,Education,2022-11-25,0
L-00330,43,37817,97982,789,Employed,Car,2022-11-26,0
L-00331,47,11896,115850,699,Unemployed,Home,2022-11-27,0
L-00332,33,10179,67840,734,Employed,Education,2022-11-28,0
L-00333,33,15931,49789,400,Unemployed,Education,2022-11-29,0
L-00334,61,19176,59641,715,Unemployed,Education,2022-11-30,0
L-00335,60,40547,71136,558,Unemployed,Business,2022-12-01,1
L-00336,25,45847,100359,722,Employed,Education,2022-12-02,0
L-00337,54,38879,46930,377,Unemployed,Business,2022-12-03,1
L-00338,50,39657,108363,394,Employed,Car,2022-12-04,0
L-00339,61,13533,73651,466,Unemployed,Education,2022-12-05,0
L-00340,57,44229,101520,847,Unemployed,Car,2022-12-06,0
L-00341,50,41236,61275,340,Employed,Education,2022-12-07,0
L-00342,44,12515,70922,443,Employed,Car,2022-12-08,0
L-00343,57,36517,97581,463,Unemployed,Car,2022-12-09,1
L-00344,26,49777,98758,452,Employed,Car,2022-12-10,0
L-00345,45,29391,43579,707,Employed,Education,2022-12-11,0
L-00346,41,24098,59982,315,Employed,Car,2022-12-12,0
L-00347,24,37605,72432,490,Employed,Home,2022-12-13,0
L-00348,46,41502,46840,324,Employed,Business,2022-12-14,0
L-00349,35,30673,65582,797,Employed,Business,2022-12-15,0
L-00350,60,15290,104083,475,Employed,Business,2022-12-16,0
L-00351,22,32444,66031,420,Employed,Education,2022-12-17,0
L-00352,41,15752,94588,748,Employed,Education,2022-12-18,0
L-00353,29,6754,108981,743,Unemployed,Home,2022-12-19,0
L-00354,42,29378,62613,779,Unemployed,Home,2022-12-20,0
L-00355,40,6420,38776,768,Unemployed,Car,2022-12-21,0
L-00356,54,35114,47451,395,Unemployed,Business,2022-12-22,1
L-00357,31,20839,55932,568,Employed,Business,2022-12-23,0
L-00358,18,22164,58309,575,Unemployed,Car,2022-12-24,0
L-00359,59,9797,68393,533,Unemployed,Education,2022-12-25,0
L-00360,30,22542,51083,670,Employed,Car,2022-12-26,0
L-00361,59,49370,54949,796,Unemployed,Home,2022-12-27,0
L-00362,44,47965,30009,592,Employed,Business,2022-12-28,0
L-00363,54,48214,94244,472,Employed,Education,2022-12-29,1
L-00364,56,8491,101700,477,Employed,Business,2022-12-30,0
L-00365,26,44279,106648,361,Unemployed,Home,2022-12-31,0
L-00366,29,33221,69293,515,Employed,Business,2023-01-01,0
L-00367,62,10185,33936,717,Unemployed,Business,2023-01-02,0
L-00368,36,15148,37906,641,Employed,Business,2023-01-03,0
L-00369,27,32657,114431,531,Employed,Car,2023-01-04,0
L-00370,46,46675,83339,800,Employed,Education,2023-01-05,0
L-00371,53,15748,102458,626,Unemployed,Business,2023-01-06,0
L-00372,43,30319,96991,662,Employed,Home,2023-01-07,0
L-00373,41,43844,32144,527,Employed,Education,2023-01-08,0
L-00374,28,7188,110443,660,Unemployed,Education,2023-01-09,0
L-00375,36,17947,72274,421,Employed,Business,2023-01-10,0
L-00376,28,4281,35525,768,Employed,Car,2023-01-11,0
L-00377,39,34092,91360,698,Unemployed,Education,2023-01-12,0
L-00378,56,42150,92239,566,Employed,Education,2023-01-13,1
L-00379,39,21771,66125,331,Unemployed,Education,2023-01-14,0
L-00380,58,12628,43072,438,Employed,Car,2023-01-15,0
L-00381,53,37944,102514,472,Employed,Home,2023-01-16,1
L-00382,60,38791,116009,421,Employed,Education,2023-01-17,1
L-00383,32,31845,92449,442,Employed,Education,2023-01-18,0
L-00384,38,10755,119542,506,Employed,Education,2023-01-19,0
L-00385,21,35802,53518,727,Employed,Business,2023-01-20,0
L-00386,21,17496,31530,739,Employed,Home,2023-01-21,0
L-00387,40,15561,53621,310,Employed,Home,2023-01-22,0
L-00388,47,21031,112953,632,Unemployed,Car,2023-01-23,0
L-00389,40,3790,87869,428,Unemployed,Home,2023-01-24,0
L-00390,48,46711,74922,786,Unemployed,Education,2023-01-25,0
L-00391,42,28819,30913,411,Unemployed,Business,2023-01-26,0
L-00392,58,45644,119943,324,Unemployed,Education,2023-01-27,1
L-00393,54,46392,79771,838,Employed,Business,2023-01-28,0
L-00394,35,5211,103623,715,Employed,Car,2023-01-29,0
L-00395,55,44407,71384,674,Employed,Home,2023-01-30,0
L-00396,45,27481,69229,809,Employed,Business,2023-01-31,0
L-00397,20,15794,106387,386,Employed,Business,2023-02-01,0
L-00398,33,9971,91051,533,Employed,Education,2023-02-02,0
L-00399,58,39585,78699,457,Unemployed,Home,2023-02-03,1
L-00400,19,22078,59953,625,Employed,Education,2023-02-04,0
L-00401,38,35430,89779,432,Employed,Home,2023-02-05,0
L-00402,57,42111,94271,771,Unemployed,Home,2023-02-06,0
L-00403,27,49395,98514,459,Employed,Business,2023-02-07,0
L-00404,28,38096,117295,687,Unemployed,Car,2023-02-08,0
L-00405,63,11235,103724,625,Employed,Car,2023-02-09,0
L-00406,18,31461,86649,510,Unemployed,Home,2023-02-10,0
L-00407,24,39655,48291,432,Employed,Education,2023-02-11,0
L-00408,64,40630,72406,769,Unemployed,Education,2023-02-12,0
L-00409,50,2376,56916,365,Unemployed,Home,2023-02-13,0
L-00410,49,37019,105592,691,Employed,Business,2023-02-14,0
L-00411,24,22349,97950,549,Unemployed,Home,2023-02-15,0
L-00412,63,31023,73992,581,Employed,Business,2023-02-16,1
L-00413,23,3904,111853,509,Employed,Education,2023-02-17,0
L-00414,35,18525,87679,377,Unemployed,Education,2023-02-18,0
L-00415,48,22987,117937,687,Unemployed,Education,2023-02-19,0
L-00416,39,31181,89475,526,Employed,Business,2023-02-20,0
L-00417,34,18569,102282,539,Unemployed,Education,2023-02-21,0
L-00418,40,19198,55042,711,Employed,Business,2023-02-22,0
L-00419,48,24632,71844,802,Employed,Car,2023-02-23,0
L-00420,22,15957,36261,460,Employed,Home,2023-02-24,0
L-00421,45,12616,35759,821,Unemployed,Home,2023-02-25,0
L-00422,47,41112,93285,745,Employed,Home,2023-02-26,0
L-00423,36,33936,61316,813,Employed,Car,2023-02-27,0
L-00424,36,8645,80300,447,Employed,Education,2023-02-28,0
L-00425,24,42788,47018,612,Unemployed,Car,2023-03-01,0
L-00426,58,38594,86817,302,Employed,Home,2023-03-02,1
L-00427,59,44011,59520,471,Unemployed,Business,2023-03-03,1
L-00428,33,4961,34541,474,Unemployed,Education,2023-03-04,0
L-00429,26,27294,99182,459,Unemployed,Car,2023-03-05,0
L-00430,22,30775,105687,698,Employed,Car,2023-03-06,0
L-00431,39,18060,97418,646,Unemployed,Business,2023-03-07,0
L-00432,54,36952,65016,451,Employed,Education,2023-03-08,1
L-00433,51,18448,33168,720,Employed,Car,2023-03-09,0
L-00434,58,17676,113680,617,Employed,Education,2023-03-10,0
L-00435,51,47166,47608,646,Employed,Car,2023-03-11,0
L-00436,40,22539,89219,430,Employed,Business,2023-03-12,0
L-00437,27,47433,41078,347,Unemployed,Car,2023-03-13,0
L-00438,37,28649,64758,682,Employed,Business,2023-03-14,0
L-00439,54,6038,37549,555,Employed,Education,2023-03-15,0
L-00440,27,4185,55447,406,Employed,Car,2023-03-16,0
L-00441,42,4572,90389,792,Employed,Education,2023-03-17,0
L-00442,30,16095,56115,518,Unemployed,Car,2023-03-18,0
L-00443,31,41409,95669,798,Unemployed,Home,2023-03-19,0
L-00444,25,44742,62325,440,Unemployed,Car,2023-03-20,0
L-00445,24,1524,38043,390,Employed,Home,2023-03-21,0
L-00446,39,39614,45978,519,Employed,Education,2023-03-22,0
L-00447,60,40291,68322,692,Unemployed,Business,2023-03-23,0
L-00448,37,14883,44177,400,Employed,Business,2023-03-24,0
L-00449,26,10353,117363,693,Unemployed,Home,2023-03-25,0
L-00450,30,20354,38986,681,Employed,Business,2023-03-26,0
L-00451,56,16015,101410,370,Employed,Business,2023-03-27,0
L-00452,26,44176,96137,359,Unemployed,Car,2023-03-28,0
L-00453,47,36432,52095,345,Employed,Education,2023-03-29,0
L-00454,37,9793,94757,655,Unemployed,Education,2023-03-30,0
L-00455,41,17484,41751,508,Employed,Home,2023-03-31,0
L-00456,49,15519,94232,514,Unemployed,Business,2023-04-01,0
L-00457,25,9023,73429,330,Unemployed,Education,2023-04-02,0
L-00458,41,45177,47045,480,Employed,Education,2023-04-03,0
L-00459,52,40271,33557,456,Unemployed,Car,2023-04-04,1
L-00460,24,48432,90661,713,Employed,Business,2023-04-05,0
L-00461,34,42345,108510,539,Unemployed,Car,2023-04-06,0
L-00462,46,7034,88928,603,Employed,Business,2023-04-07,0
L-00463,23,21358,102962,659,Unemployed,Education,2023-04-08,0
L-00464,45,29667,47856,699,Employed,Education,2023-04-09,0
L-00465,61,39978,67585,379,Unemployed,Car,2023-04-10,1
L-00466,57,47812,96590,695,Unemployed,Education,2023-04-11,0
L-00467,28,46857,32746,691,Unemployed,Business,2023-04-12,0
L-00468,49,42143,66423,311,Employed,Home,2023-04-13,0
L-00469,23,6243,58837,653,Unemployed,Education,2023-04-14,0
L-00470,30,8603,118224,443,Unemployed,Car,2023-04-15,0
L-00471,55,28642,58602,623,Employed,Home,2023-04-16,0
L-00472,59,10745,86431,570,Unemployed,Car,2023-04-17,0
L-00473,61,18131,84552,396,Unemployed,Education,2023-04-18,0
L-00474,41,47101,60830,748,Unemployed,Business,2023-04-19,0
L-00475,53,42176,112994,342,Employed,Car,2023-04-20,1
L-00476,54,8431,104943,617,Unemployed,Car,2023-04-21,0
L-00477,19,33733,68086,592,Employed,Home,2023-04-22,0
L-00478,58,36928,56426,555,Employed,Education,2023-04-23,1
L-00479,18,34444,71434,785,Employed,Home,2023-04-24,0
L-00480,59,38863,82967,801,Unemployed,Education,2023-04-25,0
L-00481,32,24996,61522,305,Unemployed,Education,2023-04-26,0
L-00482,43,42430,102350,528,Unemployed,Car,2023-04-27,0
L-00483,19,8599,104468,435,Unemployed,Home,2023-04-28,0
L-00484,39,33672,90218,342,Unemployed,Business,2023-04-29,0
L-00485,42,39342,56383,725,Employed,Home,2023-04-30,0
L-00486,57,2069,44540,486,Unemployed,Home,2023-05-01,0
L-00487,40,45976,91545,750,Unemployed,Car,2023-05-02,0
L-00488,62,4161,45149,483,Employed,Car,2023-05-03,0
L-00489,48,37186,44419,319,Unemployed,Car,2023-05-04,0
L-00490,25,43395,110740,397,Unemployed,Education,2023-05-05,0
L-00491,24,32693,104129,731,Employed,Business,2023-05-06,0
L-00492,38,40659,62621,417,Unemployed,Education,2023-05-07,0
L-00493,54,49794,57731,619,Employed,Car,2023-05-08,0
L-00494,64,15864,57838,634,Employed,Education,2023-05-09,0
L-00495,63,26626,75486,592,Employed,Business,2023-05-10,0
L-00496,18,39133,46805,353,Employed,Business,2023-05-11,0
L-00497,58,35139,80528,553,Employed,Education,2023-05-12,1
L-00498,43,35968,37511,593,Employed,Education,2023-05-13,0
L-00499,42,8727,52816,345,Employed,Car,2023-05-14,0
L-00500,62,17540,57010,822,Unemployed,Business,2023-05-15,0
L-00501,31,43278,35905,342,Employed,Home,2023-05-16,0
L-00502,56,4638,50450,464,Employed,Education,2023-05-17,0
L-00503,28,13297,33801,348,Unemployed,Business,2023-05-18,0
L-00504,25,4541,104571,602,Employed,Home,2023-05-19,0
L-00505,42,36309,32535,680,Employed,Education,2023-05-20,0
L-00506,56,18480,102838,392,Employed,Business,2023-05-21,0
L-00507,28,36508,93235,402,Unemployed,Business,2023-05-22,0
L-00508,30,44019,41915,765,Employed,Business,2023-05-23,0
L-00509,33,38357,42303,431,Unemployed,Home,2023-05-24,0
L-00510,51,14658,106627,630,Unemployed,Education,2023-05-25,0
L-00511,40,4775,112703,571,Unemployed,Business,2023-05-26,0
L-00512,59,34713,63965,746,Employed,Education,2023-05-27,0
L-00513,63,9161,62839,777,Unemployed,Car,2023-05-28,0
L-00514,58,11488,98910,334,Unemployed,Education,2023-05-29,0
L-00515,64,45186,32692,526,Unemployed,Business,2023-05-30,1
L-00516,35,2994,70883,767,Employed,Car,2023-05-31,0
L-00517,41,5703,34594,610,Unemployed,Home,2023-06-01,0
L-00518,24,17767,46534,476,Unemployed,Education,2023-06-02,0
L-00519,43,33414,116458,308,Employed,Education,2023-06-03,0
L-00520,25,10096,56639,614,Unemployed,Education,2023-06-04,0
L-00521,47,13465,76426,547,Unemployed,Home,2023-06-05,0
L-00522,31,37707,79869,484,Employed,Home,2023-06-06,0
L-00523,59,19292,92479,633,Unemployed,Business,2023-06-07,0
L-00524,37,24615,33624,756,Employed,Business,2023-06-08,0
L-00525,58,37458,101901,776,Unemployed,Education,2023-06-09,0
L-00526,28,26505,91978,382,Employed,Business,2023-06-10,0
L-00527,58,1453,70019,652,Employed,Business,2023-06-11,0
L-00528,52,18196,98628,756,Employed,Home,2023-06-12,0
L-00529,57,3535,57291,440,Employed,Home,2023-06-13,0
L-00530,18,16856,38715,586,Unemployed,Education,2023-06-14,0
L-00531,20,9984,98165,417,Employed,Education,2023-06-15,0
L-00532,48,41182,67800,593,Employed,Education,2023-06-16,0
L-00533,37,32265,43506,588,Employed,Education,2023-06-17,0
L-00534,44,35309,103635,330,Employed,Education,2023-06-18,0
L-00535,61,13918,66689,347,Unemployed,Education,2023-06-19,0
L-00536,45,42220,32210,603,Unemployed,Business,2023-06-20,0
L-00537,23,23957,50853,556,Employed,Home,2023-06-21,0
L-00538,62,15021,49158,550,Employed,Car,2023-06-22,0
L-00539,62,27758,73213,614,Unemployed,Business,2023-06-23,0
L-00540,32,37256,69218,736,Employed,Education,2023-06-24,0
L-00541,46,21847,97820,426,Unemployed,Education,2023-06-25,0
L-00542,38,46662,90114,754,Employed,Home,2023-06-26,0
L-00543,55,41223,38461,844,Employed,Home,2023-06-27,0
L-00544,46,11369,59903,494,Employed,Home,2023-06-28,0
L-00545,30,36972,50651,402,Employed,Home,2023-06-29,0
L-00546,44,27640,55256,704,Unemployed,Car,2023-06-30,0
L-00547,35,16911,114227,446,Unemployed,Business,2023-07-01,0
L-00548,58,33817,63514,436,Employed,Education,2023-07-02,1
L-00549,61,25991,37106,374,Employed,Business,2023-07-03,0
L-00550,64,34365,75242,408,Unemployed,Business,2023-07-04,1
L-00551,63,39017,49254,549,Employed,Business,2023-07-05,1
L-00552,38,22352,67292,775,Employed,Home,2023-07-06,0
L-00553,34,28727,78857,605,Employed,Home,2023-07-07,0
L-00554,36,21533,70483,757,Unemployed,Car,2023-07-08,0
L-00555,55,29169,113348,607,Employed,Home,2023-07-09,0
L-00556,27,41954,36483,603,Unemployed,Car,2023-07-10,0
L-00557,39,39311,110301,420,Unemployed,Car,2023-07-11,0
L-00558,28,33936,65504,446,Unemployed,Home,2023-07-12,0
L-00559,57,26404,38000,518,Employed,Education,2023-07-13,0
L-00560,36,6631,106462,316,Employed,Car,2023-07-14,0
L-00561,39,32566,38238,306,Unemployed,Car,2023-07-15,0
L-00562,38,41727,101075,330,Employed,Car,2023-07-16,0
L-00563,64,33060,34379,654,Employed,Home,2023-07-17,0
L-00564,51,27212,114891,551,Employed,Education,2023-07-18,0
L-00565,34,7487,43637,470,Employed,Business,2023-07-19,0
L-00566,44,41808,98193,736,Unemployed,Home,2023-07-20,0
L-00567,48,26798,44959,677,Unemployed,Car,2023-07-21,0
L-00568,46,34392,37791,832,Employed,Business,2023-07-22,0
L-00569,26,36832,109707,516,Unemployed,Education,2023-07-23,0
L-00570,48,27999,33393,626,Unemployed,Home,2023-07-24,0
L-00571,48,17841,48911,735,Employed,Home,2023-07-25,0
L-00572,62,23772,80256,491,Employed,Business,2023-07-26,0
L-00573,54,6576,82258,436,Employed,Car,2023-07-27,0
L-00574,41,33563,109705,811,Employed,Education,2023-07-28,0
L-00575,26,44084,119773,505,Employed,Car,2023-07-29,0
L-00576,33,25642,53391,395,Employed,Home,2023-07-30,0
L-00577,28,7023,58559,603,Employed,Home,2023-07-31,0
L-00578,22,6893,87875,648,Unemployed,Car,2023-08-01,0
L-00579,27,24025,43725,375,Unemployed,Car,2023-08-02,0
L-00580,34,41916,65072,727,Unemployed,Education,2023-08-03,0
L-00581,38,3624,113642,643,Employed,Business,2023-08-04,0
L-00582,57,40971,50267,661,Employed,Education,2023-08-05,0
L-00583,61,17506,69330,613,Employed,Home,2023-08-06,0
L-00584,47,24838,53375,378,Employed,Car,2023-08-07,0
L-00585,54,27165,52819,436,Unemployed,Car,2023-08-08,0
L-00586,62,3250,48124,306,Unemployed,Education,2023-08-09,0
L-00587,32,23594,88127,472,Unemployed,Home,2023-08-10,0
L-00588,49,2308,90091,553,Unemployed,Home,2023-08-11,0
L-00589,19,35218,31838,489,Unemployed,Home,2023-08-12,0
L-00590,58,26961,42471,415,Unemployed,Education,2023-08-13,0
L-00591,49,11338,55934,456,Unemployed,Home,2023-08-14,0
L-00592,42,49652,76587,427,Unemployed,Car,2023-08-15,0
L-00593,61,46642,105599,475,Employed,Education,2023-08-16,1
L-00594,38,39334,49554,635,Employed,Car,2023-08-17,0
L-00595,46,29916,50832,412,Employed,Business,2023-08-18,0
L-00596,48,20691,106580,717,Unemployed,Education,2023-08-19,0
L-00597,37,45273,88090,740,Unemployed,Business,2023-08-20,0
L-00598,31,40529,62146,327,Unemployed,Education,2023-08-21,0
L-00599,30,5824,112047,421,Unemployed,Car,2023-08-22,0
L-00600,27,42889,46958,518,Employed,Home,2023-08-23,0
L-00601,24,34492,57051,392,Unemployed,Car,2023-08-24,0
L-00602,28,6399,38793,641,Employed,Education,2023-08-25,0
L-00603,23,45930,104910,798,Unemployed,Car,2023-08-26,0
L-00604,21,41922,60394,449,Unemployed,Car,2023-08-27,0
L-00605,35,46907,107978,823,Unemployed,Car,2023-08-28,0
L-00606,34,18110,75915,559,Unemployed,Business,2023-08-29,0
L-00607,49,12168,53393,506,Unemployed,Education,2023-08-30,0
L-00608,49,5051,65618,327,Unemployed,Car,2023-08-31,0
L-00609,47,11118,31582,596,Unemployed,Education,2023-09-01,0
L-00610,63,30432,58468,613,Unemployed,Education,2023-09-02,0
L-00611,30,25831,59303,626,Unemployed,Business,2023-09-03,0
L-00612,58,26596,99169,613,Unemployed,Business,2023-09-04,0
L-00613,24,35858,85209,426,Unemployed,Car,2023-09-05,0
L-00614,45,9038,73159,419,Employed,Car,2023-09-06,0
L-00615,26,46646,84359,483,Employed,Education,2023-09-07,0
L-00616,57,45859,95173,713,Unemployed,Home,2023-09-08,0
L-00617,28,16952,33653,535,Employed,Car,2023-09-09,0
L-00618,27,42799,39706,673,Unemployed,Car,2023-09-10,0
L-00619,42,37523,104880,770,Employed,Home,2023-09-11,0
L-00620,48,24286,117339,832,Unemployed,Home,2023-09-12,0
L-00621,25,12607,65547,400,Unemployed,Home,2023-09-13,0
L-00622,60,2668,112573,500,Employed,Education,2023-09-14,0
L-00623,47,23416,58860,650,Unemployed,Business,2023-09-15,0
L-00624,50,23867,74961,568,Employed,Car,2023-09-16,0
L-00625,25,9925,114647,309,Employed,Car,2023-09-17,0
L-00626,27,21374,76580,466,Unemployed,Business,2023-09-18,0
L-00627,30,13612,85287,659,Employed,Education,2023-09-19,0
L-00628,61,12553,45658,334,Employed,Education,2023-09-20,0
L-00629,41,14223,66867,359,Unemployed,Car,2023-09-21,0
L-00630,37,37918,44882,432,Employed,Education,2023-09-22,0
L-00631,59,48099,99111,651,Unemployed,Car,2023-09-23,0
L-00632,42,48388,42194,394,Employed,Education,2023-09-24,0
L-00633,36,35933,117782,463,Employed,Education,2023-09-25,0
L-00634,19,23441,101545,790,Unemployed,Business,2023-09-26,0
L-00635,35,49436,101344,442,Unemployed,Business,2023-09-27,0
L-00636,39,49435,37761,762,Employed,Car,2023-09-28,0
L-00637,54,46022,87153,745,Unemployed,Car,2023-09-29,0
L-00638,36,15471,81085,343,Unemployed,Home,2023-09-30,0
L-00639,32,30117,55335,371,Employed,Car,2023-10-01,0
L-00640,58,41496,90426,676,Unemployed,Home,2023-10-02,0
L-00641,35,26300,114922,613,Employed,Car,2023-10-03,0
L-00642,30,9584,61970,422,Employed,Car,2023-10-04,0
L-00643,29,34442,37149,801,Employed,Education,2023-10-05,0
L-00644,57,37509,62699,771,Unemployed,Home,2023-10-06,0
L-00645,43,29435,114110,666,Unemployed,Home,2023-10-07,0
L-00646,34,2856,49568,392,Employed,Home,2023-10-08,0
L-00647,62,38826,109587,486,Employed,Business,2023-10-09,1
L-00648,38,35114,58750,719,Unemployed,Home,2023-10-10,0
L-00649,39,12689,106076,704,Unemployed,Business,2023-10-11,0
L-00650,43,1302,91111,806,Employed,Car,2023-10-12,0
L-00651,29,33766,108867,634,Employed,Car,2023-10-13,0
L-00652,28,28266,39800,572,Employed,Business,2023-10-14,0
L-00653,33,24960,67022,313,Unemployed,Education,2023-10-15,0
L-00654,53,35186,96127,321,Employed,Education,2023-10-16,1
L-00655,55,12939,89576,560,Unemployed,Car,2023-10-17,0
L-00656,45,45910,117273,347,Employed,Car,2023-10-18,0
L-00657,34,35180,114935,548,Unemployed,Education,2023-10-19,0
L-00658,27,15105,71708,500,Unemployed,Car,2023-10-20,0
L-00659,56,47828,88019,357,Employed,Business,2023-10-21,1
L-00660,45,3634,94833,446,Unemployed,Business,2023-10-22,0
L-00661,59,39793,110159,617,Employed,Home,2023-10-23,0
L-00662,27,32980,111436,663,Employed,Home,2023-10-24,0
L-00663,64,5617,38286,730,Employed,Education,2023-10-25,0
L-00664,47,33525,75329,776,Employed,Education,2023-10-26,0
L-00665,56,42676,52747,361,Employed,Car,2023-10-27,1
L-00666,48,12108,113461,368,Unemployed,Education,2023-10-28,0
L-00667,20,2648,37295,384,Employed,Business,2023-10-29,0
L-00668,64,23889,42342,542,Unemployed,Home,2023-10-30,0
L-00669,18,11975,46155,388,Employed,Car,2023-10-31,0
L-00670,60,48297,90546,786,Unemployed,Business,2023-11-01,0
L-00671,21,13897,104869,717,Unemployed,Home,2023-11-02,0
L-00672,61,5800,33778,418,Unemployed,Business,2023-11-03,0
L-00673,50,21336,35168,599,Unemployed,Home,2023-11-04,0
L-00674,48,6397,106770,339,Employed,Home,2023-11-05,0
L-00675,46,33738,90234,355,Unemployed,Business,2023-11-06,0
L-00676,42,29237,53533,305,Employed,Business,2023-11-07,0
L-00677,41,24788,69241,818,Unemployed,Education,2023-11-08,0
L-00678,44,15523,33536,688,Unemployed,Home,2023-11-09,0
L-00679,42,30779,102905,308,Employed,Education,2023-11-10,0
L-00680,39,13276,77204,700,Unemployed,Business,2023-11-11,0
L-00681,18,9884,97161,375,Employed,Education,2023-11-12,0
L-00682,44,34531,70959,536,Unemployed,Business,2023-11-13,0
L-00683,40,21195,71949,587,Employed,Education,2023-11-14,0
L-00684,59,43503,70991,421,Unemployed,Business,2023-11-15,1
L-00685,37,36326,76967,391,Unemployed,Business,2023-11-16,0
L-00686,49,43649,63937,750,Unemployed,Business,2023-11-17,0
L-00687,51,6991,36473,744,Unemployed,Education,2023-11-18,0
L-00688,50,38528,56166,731,Employed,Home,2023-11-19,0
L-00689,45,37217,80760,839,Unemployed,Business,2023-11-20,0
L-00690,33,6292,49055,769,Employed,Car,2023-11-21,0
L-00691,35,3049,119101,532,Unemployed,Education,2023-11-22,0
L-00692,49,13654,39825,315,Unemployed,Home,2023-11-23,0
L-00693,20,45637,104089,667,Unemployed,Car,2023-11-24,0
L-00694,59,47692,91324,564,Unemployed,Business,2023-11-25,1
L-00695,35,11586,38921,325,Employed,Education,2023-11-26,0
L-00696,64,3547,111734,835,Employed,Business,2023-11-27,0
L-00697,55,26973,48408,765,Employed,Business,2023-11-28,0
L-00698,18,45826,49590,716,Employed,Education,2023-11-29,0
L-00699,21,20704,96521,638,Employed,Business,2023-11-30,0
L-00700,53,26953,99916,357,Employed,Car,2023-12-01,0
L-00701,23,11745,102848,562,Unemployed,Business,2023-12-02,0
L-00702,32,25231,69353,306,Employed,Car,2023-12-03,0
L-00703,44,40663,73694,349,Employed,Education,2023-12-04,0
L-00704,48,29788,75234,549,Unemployed,Home,2023-12-05,0
L-00705,29,27131,40897,793,Employed,Home,2023-12-06,0
L-00706,31,5615,107665,365,Unemployed,Business,2023-12-07,0
L-00707,43,2203,57546,402,Employed,Home,2023-12-08,0
L-00708,61,19306,41847,746,Employed,Car,2023-12-09,0
L-00709,43,17412,73166,467,Employed,Home,2023-12-10,0
L-00710,47,49705,57461,396,Employed,Home,2023-12-11,0
L-00711,30,1367,102583,623,Unemployed,Home,2023-12-12,0
L-00712,33,13813,80028,515,Employed,Business,2023-12-13,0
L-00713,64,38807,74107,529,Unemployed,Home,2023-12-14,1
L-00714,44,31183,50502,555,Unemployed,Education,2023-12-15,0
L-00715,31,44837,46596,762,Employed,Business,2023-12-16,0
L-00716,62,25281,53700,525,Employed,Home,2023-12-17,0
L-00717,49,4879,62476,657,Employed,Car,2023-12-18,0
L-00718,45,15234,75022,748,Unemployed,Car,2023-12-19,0
L-00719,47,17170,93713,657,Employed,Home,2023-12-20,0
L-00720,20,26442,103906,806,Employed,Car,2023-12-21,0
L-00721,51,14753,50114,458,Unemployed,Business,2023-12-22,0
L-00722,36,29764,53109,342,Unemployed,Home,2023-12-23,0
L-00723,64,1395,76710,504,Employed,Home,2023-12-24,0
L-00724,61,8271,91873,777,Employed,Home,2023-12-25,0
L-00725,39,40139,84570,538,Employed,Home,2023-12-26,0
L-00726,47,20285,88645,418,Employed,Business,2023-12-27,0
L-00727,23,10466,34904,450,Employed,Car,2023-12-28,0
L-00728,34,41123,75775,360,Unemployed,Car,2023-12-29,0
L-00729,21,31243,106666,766,Unemployed,Home,2023-12-30,0
L-00730,32,17112,76849,347,Unemployed,Home,2023-12-31,0
L-00731,44,14947,41244,752,Employed,Home,2024-01-01,0
L-00732,20,39515,39450,427,Unemployed,Car,2024-01-02,0
L-00733,35,27353,71687,613,Unemployed,Home,2024-01-03,0
L-00734,26,44259,89831,705,Employed,Home,2024-01-04,0
L-00735,20,47728,65984,473,Employed,Home,2024-01-05,0
L-00736,55,28587,43267,732,Unemployed,Education,2024-01-06,0
L-00737,37,30839,110782,542,Employed,Education,2024-01-07,0
L-00738,64,46142,115521,645,Employed,Business,2024-01-08,0
L-00739,50,45555,95650,365,Employed,Car,2024-01-09,0
L-00740,23,30033,113633,681,Unemployed,Business,2024-01-10,0
L-00741,34,11374,37328,635,Unemployed,Business,2024-01-11,0
L-00742,64,28770,86538,393,Unemployed,Education,2024-01-12,0
L-00743,22,9393,105658,760,Unemployed,Business,2024-01-13,0
L-00744,37,42151,106242,843,Unemployed,Home,2024-01-14,0
L-00745,27,32941,83068,554,Employed,Home,2024-01-15,0
L-00746,61,44523,65537,677,Employed,Car,2024-01-16,0
L-00747,38,47687,50557,716,Employed,Car,2024-01-17,0
L-00748,19,40100,58714,787,Employed,Home,2024-01-18,0
L-00749,39,38680,40536,563,Unemployed,Business,2024-01-19,0
L-00750,26,8333,49310,608,Employed,Car,2024-01-20,0
L-00751,29,15016,63575,632,Unemployed,Home,2024-01-21,0
L-00752,63,40791,76515,323,Employed,Education,2024-01-22,1
L-00753,52,17014,42326,386,Employed,Education,2024-01-23,0
L-00754,41,34107,60104,515,Employed,Education,2024-01-24,0
L-00755,24,15115,62681,385,Unemployed,Business,2024-01-25,0
L-00756,46,16563,103574,645,Employed,Business,2024-01-26,0
L-00757,46,14496,35824,736,Unemployed,Business,2024-01-27,0
L-00758,19,26458,117991,794,Employed,Education,2024-01-28,0
L-00759,55,41397,80878,597,Employed,Home,2024-01-29,1
L-00760,43,12831,102636,822,Employed,Education,2024-01-30,0
L-00761,54,3297,74854,564,Unemployed,Car,2024-01-31,0
L-00762,28,35772,109879,805,Employed,Business,2024-02-01,0
L-00763,47,36009,93661,465,Unemployed,Business,2024-02-02,0
L-00764,23,26888,35225,770,Employed,Home,2024-02-03,0
L-00765,38,6048,56177,388,Unemployed,Home,2024-02-04,0
L-00766,52,18448,53847,792,Unemployed,Home,2024-02-05,0
L-00767,47,25276,96647,476,Unemployed,Business,2024-02-06,0
L-00768,51,12934,58048,536,Unemployed,Business,2024-02-07,0
L-00769,21,10337,83278,835,Unemployed,Home,2024-02-08,0
L-00770,26,13906,100532,475,Unemployed,Business,2024-02-09,0
L-00771,45,14086,80330,360,Unemployed,Business,2024-02-10,0
L-00772,22,23858,93464,755,Employed,Business,2024-02-11,0
L-00773,57,23470,62663,353,Employed,Car,2024-02-12,0
L-00774,33,40519,82299,541,Employed,Education,2024-02-13,0
L-00775,57,18311,66415,606,Unemployed,Home,2024-02-14,0
L-00776,26,31476,80701,359,Employed,Business,2024-02-15,0
L-00777,36,1236,46920,365,Unemployed,Car,2024-02-16,0
L-00778,19,1086,79227,531,Unemployed,Business,2024-02-17,0
L-00779,40,28912,38933,376,Employed,Education,2024-02-18,0
L-00780,22,5376,44764,762,Unemployed,Education,2024-02-19,0
L-00781,39,41710,72674,618,Employed,Business,2024-02-20,0
L-00782,22,25175,96375,812,Employed,Business,2024-02-21,0
L-00783,53,41057,107892,484,Unemployed,Car,2024-02-22,1
L-00784,34,17898,38261,616,Employed,Education,2024-02-23,0
L-00785,62,39266,63225,642,Employed,Business,2024-02-24,0
L-00786,61,18441,104966,625,Unemployed,Car,2024-02-25,0
L-00787,26,2874,47281,349,Unemployed,Education,2024-02-26,0
L-00788,47,1659,77088,541,Employed,Education,2024-02-27,0
L-00789,21,14269,30944,680,Employed,Car,2024-02-28,0
L-00790,49,44692,74619,803,Employed,Education,2024-02-29,0
L-00791,33,33256,92617,608,Employed,Car,2024-03-01,0
L-00792,21,34471,61221,846,Employed,Education,2024-03-02,0
L-00793,63,42455,70260,710,Employed,Home,2024-03-03,0
L-00794,42,32060,37992,605,Unemployed,Business,2024-03-04,0
L-00795,42,35335,94427,537,Unemployed,Home,2024-03-05,0
L-00796,51,23780,42171,329,Employed,Business,2024-03-06,0
L-00797,61,43157,114736,633,Unemployed,Home,2024-03-07,0
L-00798,50,35087,36999,533,Unemployed,Home,2024-03-08,0
L-00799,64,34190,60960,762,Unemployed,Car,2024-03-09,0
L-00800,29,32843,45493,849,Employed,Car,2024-03-10,0
L-00801,30,11070,87923,596,Employed,Education,2024-03-11,0
L-00802,47,34283,67680,794,Employed,Car,2024-03-12,0
L-00803,24,40089,58391,498,Unemployed,Home,2024-03-13,0
L-00804,45,26539,49029,660,Unemployed,Education,2024-03-14,0
L-00805,59,37591,47122,374,Unemployed,Business,2024-03-15,1
L-00806,37,10511,74102,601,Employed,Home,2024-03-16,0
L-00807,63,36503,65232,467,Unemployed,Home,2024-03-17,1
L-00808,28,3639,49887,394,Employed,Car,2024-03-18,0
L-00809,40,33175,60722,814,Employed,Car,2024-03-19,0
L-00810,53,29370,37044,712,Employed,Business,2024-03-20,0
L-00811,41,30957,51141,507,Unemployed,Car,2024-03-21,0
L-00812,50,42133,70915,676,Unemployed,Home,2024-03-22,0
L-00813,50,17065,81117,552,Unemployed,Car,2024-03-23,0
L-00814,41,39264,62419,757,Employed,Home,2024-03-24,0
L-00815,31,19081,76995,680,Employed,Home,2024-03-25,0
L-00816,28,36000,46431,811,Unemployed,Home,2024-03-26,0
L-00817,28,23699,87126,717,Employed,Business,2024-03-27,0
L-00818,46,41878,60541,353,Unemployed,Education,2024-03-28,0
L-00819,64,20153,66973,594,Unemployed,Home,2024-03-29,0
L-00820,41,44049,114894,408,Unemployed,Education,2024-03-30,0
L-00821,23,47903,36500,792,Employed,Home,2024-03-31,0
L-00822,27,3883,106417,810,Employed,Education,2024-04-01,0
L-00823,31,16028,44276,712,Employed,Business,2024-04-02,0
L-00824,40,30905,39306,754,Employed,Home,2024-04-03,0
L-00825,21,28080,90887,301,Unemployed,Business,2024-04-04,0
L-00826,36,17562,32410,538,Unemployed,Car,2024-04-05,0
L-00827,25,16477,44871,720,Employed,Education,2024-04-06,0
L-00828,33,6280,52544,393,Employed,Car,2024-04-07,0
L-00829,21,25637,34994,448,Unemployed,Education,2024-04-08,0
L-00830,33,34490,77035,401,Employed,Business,2024-04-09,0
L-00831,54,10423,93586,499,Employed,Education,2024-04-10,0
L-00832,47,6062,99099,577,Unemployed,Education,2024-04-11,0
L-00833,27,16010,56207,603,Employed,Education,2024-04-12,0
L-00834,64,23575,95212,793,Unemployed,Business,2024-04-13,0
L-00835,24,12915,44588,522,Unemployed,Business,2024-04-14,0
L-00836,35,33924,117975,466,Employed,Home,2024-04-15,0
L-00837,22,13966,91487,709,Unemployed,Business,2024-04-16,0
L-00838,52,43956,98052,401,Employed,Home,2024-04-17,1
L-00839,18,10981,80987,388,Employed,Education,2024-04-18,0
L-00840,30,11728,103934,443,Unemployed,Business,2024-04-19,0
L-00841,45,39744,92591,300,Employed,Home,2024-04-20,0
L-00842,39,11263,52240,472,Unemployed,Business,2024-04-21,0
L-00843,48,45921,46931,503,Unemployed,Education,2024-04-22,0
L-00844,41,33268,31325,693,Unemployed,Education,2024-04-23,0
L-00845,41,47202,48639,689,Employed,Home,2024-04-24,0
L-00846,25,43757,95007,442,Employed,Business,2024-04-25,0
L-00847,45,22573,45653,605,Unemployed,Home,2024-04-26,0
L-00848,57,39558,106225,583,Unemployed,Education,2024-04-27,1
L-00849,37,49020,88634,816,Employed,Car,2024-04-28,0
L-00850,21,2247,63956,527,Unemployed,Education,2024-04-29,0
L-00851,63,45569,33644,463,Unemployed,Home,2024-04-30,1
L-00852,19,26728,102264,428,Unemployed,Car,2024-05-01,0
L-00853,45,19164,81389,649,Employed,Education,2024-05-02,0
L-00854,61,36957,34245,430,Employed,Education,2024-05-03,1
L-00855,21,14913,40431,308,Employed,Home,2024-05-04,0
L-00856,47,37029,51030,801,Employed,Education,2024-05-05,0
L-00857,35,21468,116486,743,Unemployed,Business,2024-05-06,0
L-00858,32,16658,87630,519,Employed,Business,2024-05-07,0
L-00859,48,10501,76142,519,Employed,Business,2024-05-08,0
L-00860,45,27747,74461,671,Unemployed,Education,2024-05-09,0
L-00861,41,21032,112488,626,Employed,Home,2024-05-10,0
L-00862,36,38963,113741,423,Unemployed,Home,2024-05-11,0
L-00863,46,29119,86258,769,Unemployed,Car,2024-05-12,0
L-00864,52,6390,30135,796,Employed,Home,2024-05-13,0
L-00865,26,40136,47792,400,Employed,Car,2024-05-14,0
L-00866,50,5109,96868,494,Unemployed,Education,2024-05-15,0
L-00867,60,9143,105333,534,Unemployed,Business,2024-05-16,0
L-00868,46,41446,56502,306,Employed,Car,2024-05-17,0
L-00869,57,48601,58652,491,Employed,Education,2024-05-18,1
L-00870,61,16432,55734,323,Employed,Home,2024-05-19,0
L-00871,52,12560,100409,303,Employed,Home,2024-05-20,0
L-00872,32,1364,55922,757,Employed,Education,2024-05-21,0
L-00873,20,26254,108668,392,Unemployed,Business,2024-05-22,0
L-00874,28,3571,87153,499,Unemployed,Business,2024-05-23,0
L-00875,48,36477,61735,499,Employed,Car,2024-05-24,0
L-00876,60,27868,108118,621,Employed,Home,2024-05-25,0
L-00877,50,42988,53345,842,Unemployed,Car,2024-05-26,0
L-00878,47,44141,113925,478,Employed,Home,2024-05-27,0
L-00879,49,40330,31564,584,Unemployed,Home,2024-05-28,0
L-00880,20,19570,94830,561,Unemployed,Home,2024-05-29,0
L-00881,18,18512,79735,766,Employed,Business,2024-05-30,0
L-00882,40,37637,94708,389,Employed,Education,2024-05-31,0
L-00883,41,20686,42680,645,Unemployed,Business,2024-06-01,0
L-00884,63,39240,112545,441,Unemployed,Business,2024-06-02,1
L-00885,46,23430,107885,753,Employed,Car,2024-06-03,0
L-00886,31,47968,102128,467,Unemployed,Home,2024-06-04,0
L-00887,31,19940,35976,322,Unemployed,Education,2024-06-05,0
L-00888,59,47488,64616,742,Employed,Car,2024-06-06,0
L-00889,62,2050,93694,339,Unemployed,Home,2024-06-07,0
L-00890,35,11374,56050,604,Unemployed,Home,2024-06-08,0
L-00891,49,14154,46402,483,Employed,Home,2024-06-09,0
L-00892,59,44878,68577,456,Employed,Business,2024-06-10,1
L-00893,28,4341,96887,783,Employed,Education,2024-06-11,0
L-00894,21,27966,91442,546,Employed,Business,2024-06-12,0
L-00895,37,16168,72186,580,Unemployed,Business,2024-06-13,0
L-00896,52,46062,104421,311,Employed,Home,2024-06-14,1
L-00897,56,5969,64005,581,Unemployed,Education,2024-06-15,0
L-00898,38,15794,76579,352,Employed,Car,2024-06-16,0
L-00899,54,46731,115499,736,Employed,Business,2024-06-17,0
L-00900,31,28742,84225,461,Unemployed,Car,2024-06-18,0
L-00901,63,43086,86135,586,Unemployed,Business,2024-06-19,1
L-00902,34,8236,101878,812,Unemployed,Home,2024-06-20,0
L-00903,59,5417,111637,544,Employed,Education,2024-06-21,0
L-00904,56,38393,48698,555,Employed,Education,2024-06-22,1
L-00905,41,27228,87439,759,Employed,Home,2024-06-23,0
L-00906,35,18571,63396,488,Unemployed,Education,2024-06-24,0
L-00907,38,12818,85454,376,Unemployed,Business,2024-06-25,0
L-00908,51,29750,64694,413,Unemployed,Business,2024-06-26,0
L-00909,22,30192,63836,623,Unemployed,Education,2024-06-27,0
L-00910,31,41945,88348,421,Unemployed,Home,2024-06-28,0
L-00911,60,29597,94395,532,Employed,Car,2024-06-29,0
L-00912,21,10588,62117,529,Employed,Home,2024-06-30,0
L-00913,19,28746,101395,844,Unemployed,Home,2024-07-01,0
L-00914,33,42180,41675,730,Unemployed,Education,2024-07-02,0
L-00915,63,5499,83686,812,Employed,Car,2024-07-03,0
L-00916,48,17106,65138,588,Unemployed,Education,2024-07-04,0
L-00917,36,1950,51103,433,Unemployed,Home,2024-07-05,0
L-00918,30,6772,82444,614,Unemployed,Car,2024-07-06,0
L-00919,51,19485,74087,447,Employed,Business,2024-07-07,0
L-00920,45,20009,39841,597,Unemployed,Car,2024-07-08,0
L-00921,38,5174,115116,394,Unemployed,Education,2024-07-09,0
L-00922,57,12851,111574,508,Unemployed,Home,2024-07-10,0
L-00923,61,1075,61103,814,Unemployed,Business,2024-07-11,0
L-00924,61,42479,63281,308,Employed,Education,2024-07-12,1
L-00925,63,43974,36439,553,Employed,Car,2024-07-13,1
L-00926,54,33530,102103,832,Unemployed,Car,2024-07-14,0
L-00927,21,22582,119515,584,Unemployed,Home,2024-07-15,0
L-00928,27,44744,35250,392,Employed,Business,2024-07-16,0
L-00929,42,3959,33690,809,Employed,Education,2024-07-17,0
L-00930,58,31641,102635,446,Employed,Car,2024-07-18,1
L-00931,44,42051,105093,849,Unemployed,Car,2024-07-19,0
L-00932,34,2766,64576,776,Employed,Home,2024-07-20,0
L-00933,57,45530,77238,581,Employed,Car,2024-07-21,1
L-00934,40,43579,100066,308,Unemployed,Car,2024-07-22,0
L-00935,58,2163,87980,444,Employed,Home,2024-07-23,0
L-00936,46,32384,107227,529,Employed,Home,2024-07-24,0
L-00937,40,22352,54180,575,Unemployed,Education,2024-07-25,0
L-00938,34,49576,107912,484,Employed,Business,2024-07-26,0
L-00939,30,24972,49096,743,Unemployed,Business,2024-07-27,0
L-00940,37,41860,92268,558,Unemployed,Business,2024-07-28,0
L-00941,44,20196,71332,693,Unemployed,Home,2024-07-29,0
L-00942,55,21096,112303,792,Unemployed,Car,2024-07-30,0
L-00943,63,12916,89132,424,Unemployed,Business,2024-07-31,0
L-00944,53,34476,50082,464,Employed,Home,2024-08-01,1
L-00945,33,39410,85709,813,Employed,Home,2024-08-02,0
L-00946,57,7071,47208,762,Employed,Car,2024-08-03,0
L-00947,50,16671,44183,584,Employed,Business,2024-08-04,0
L-00948,47,27016,37284,385,Employed,Business,2024-08-05,0
L-00949,57,33897,102655,352,Employed,Business,2024-08-06,1
L-00950,32,29982,68132,769,Unemployed,Home,2024-08-07,0
L-00951,54,36485,71882,322,Employed,Home,2024-08-08,1
L-00952,29,21413,95547,499,Employed,Business,2024-08-09,0
L-00953,35,19665,74681,330,Unemployed,Home,2024-08-10,0
L-00954,42,21594,102344,467,Employed,Education,2024-08-11,0
L-00955,19,18932,52420,434,Unemployed,Business,2024-08-12,0
L-00956,21,39986,112725,650,Employed,Business,2024-08-13,0
L-00957,46,24095,43311,760,Employed,Car,2024-08-14,0
L-00958,29,14063,85501,325,Employed,Education,2024-08-15,0
L-00959,58,4527,85015,599,Unemployed,Business,2024-08-16,0
L-00960,21,41688,117380,351,Unemployed,Home,2024-08-17,0
L-00961,25,34297,109689,319,Unemployed,Home,2024-08-18,0
L-00962,57,17819,58786,639,Employed,Car,2024-08-19,0
L-00963,61,44614,34161,740,Unemployed,Education,2024-08-20,0
L-00964,38,39864,64209,844,Employed,Business,2024-08-21,0
L-00965,60,16520,35930,369,Unemployed,Home,2024-08-22,0
L-00966,62,31122,60327,710,Unemployed,Education,2024-08-23,0
L-00967,34,33226,112519,686,Unemployed,Business,2024-08-24,0
L-00968,47,42298,96155,693,Unemployed,Car,2024-08-25,0
L-00969,26,27972,35655,305,Employed,Car,2024-08-26,0
L-00970,26,32608,35144,531,Employed,Business,2024-08-27,0
L-00971,27,28190,50974,631,Unemployed,Home,2024-08-28,0
L-00972,39,25626,42802,633,Unemployed,Business,2024-08-29,0
L-00973,37,16095,44879,815,Employed,Education,2024-08-30,0
L-00974,54,13598,93727,731,Employed,Home,2024-08-31,0
L-00975,32,8174,37305,512,Unemployed,Business,2024-09-01,0
L-00976,42,10099,50436,664,Employed,Business,2024-09-02,0
L-00977,44,2590,112192,707,Unemployed,Education,2024-09-03,0
L-00978,58,26792,40486,665,Employed,Home,2024-09-04,0
L-00979,40,38857,111828,383,Employed,Home,2024-09-05,0
L-00980,25,1164,112715,342,Employed,Home,2024-09-06,0
L-00981,63,36474,38536,498,Unemployed,Education,2024-09-07,1
L-00982,46,34987,39408,780,Employed,Home,2024-09-08,0
L-00983,22,20721,78361,502,Unemployed,Car,2024-09-09,0
L-00984,39,46304,77903,392,Employed,Home,2024-09-10,0
L-00985,44,8593,109669,552,Unemployed,Car,2024-09-11,0
L-00986,54,34144,45485,755,Employed,Car,2024-09-12,0
L-00987,51,24482,48825,431,Employed,Car,2024-09-13,0
L-00988,24,45304,101175,421,Employed,Business,2024-09-14,0
L-00989,53,45749,103617,439,Unemployed,Car,2024-09-15,1
L-00990,20,33795,101041,625,Unemployed,Car,2024-09-16,0
L-00991,23,19815,88342,742,Unemployed,Education,2024-09-17,0
L-00992,61,8259,61121,536,Employed,Business,2024-09-18,0
L-00993,55,38583,45530,779,Unemployed,Home,2024-09-19,0
L-00994,47,31775,38827,554,Employed,Home,2024-09-20,0
L-00995,35,1788,70541,812,Unemployed,Home,2024-09-21,0
L-00996,36,33716,82982,598,Employed,Business,2024-09-22,0
L-00997,41,49621,60899,581,Unemployed,Home,2024-09-23,0
L-00998,18,26392,67142,632,Unemployed,Home,2024-09-24,0
L-00999,24,44214,46268,779,Unemployed,Education,2024-09-25,0
L-01000,33,3175,113202,503,Employed,Car,2024-09-26,0
